﻿<Dictionary>
  <Words>
    <Unrecognized>
      <Word></Word>
    </Unrecognized>
    <Recognized>
      <Word>ransac</Word>
    </Recognized>
    <Deprecated>
      <Term PreferredAlternate=""></Term>
    </Deprecated>
    <Compound>
      <Term CompoundAlternate="KMeans">kmeans</Term>
    </Compound>
    <DiscreteExceptions>
      <Term></Term>
    </DiscreteExceptions>
  </Words>
  <Acronyms>
    <CasingExceptions>
      <Acronym>RANSAC</Acronym>
    </CasingExceptions>
  </Acronyms>
</Dictionary>
